<?xml version="1.0" encoding="UTF-8"?>
<beans xmlns="http://www.springframework.org/schema/beans"
	xmlns:xsi="http://www.w3.org/2001/XMLSchema-instance" xmlns:context="http://www.springframework.org/schema/context"
	xmlns:mvc="http://www.springframework.org/schema/mvc"
	xsi:schemaLocation="  
        http://www.springframework.org/schema/beans  
        http://www.springframework.org/schema/beans/spring-beans.xsd  
        http://www.springframework.org/schema/context  
        http://www.springframework.org/schema/context/spring-context.xsd  
        http://www.springframework.org/schema/mvc  
        http://www.springframework.org/schema/mvc/spring-mvc.xsd">

	<context:component-scan base-package="com.student.controller" />
	<context:component-scan base-package="com.student.service" />
	<context:component-scan base-package="com.student.dao" />
	<context:component-scan base-package="com.student.model" />
	<context:component-scan base-package="com.student.entity" />

	<!-- <mvc:resources mapping="/resources/**" location="/resources/" /> <mvc:annotation-driven 
		/> -->
	<bean
		class="org.springframework.web.servlet.view.InternalResourceViewResolver">
		<property name="prefix" value="/" />
		<property name="suffix" value=".jsp" />
	</bean>
</beans>