<?xml version="1.0" encoding="UTF-8"?>
<!DOCTYPE hibernate-configuration SYSTEM 
"http://www.hibernate.org/dtd/hibernate-configuration-3.0.dtd">
<hibernate-configuration>
   <session-factory>   
      <property name = "hibernate.dialect">org.hibernate.dialect.MySQLDialect</property>
            
      <property name = "hibernate.connection.driver_class">com.mysql.jdbc.Driver</property>     
      
      <property name = "hibernate.connection.url">jdbc:mysql://localhost:3306/test</property>      
      <property name = "hibernate.connection.username">root</property>      
      <property name = "hibernate.connection.password">root</property>
      <property name="hibernate.connection.pool_size">10</property>
      
      <property name = "show_sql">true</property>
      <property name = "format_sql">true</property>
      <property name = "use_sql_comments">true</property>
      
      <property name = "hbm2ddl.auto">update</property>
      
      <!-- List of XML mapping files -->
      <mapping class = "com.student.entity.StudentEntity"/>
      
      
      
   </session-factory>
</hibernate-configuration>