<?xml version = "1.0" encoding = "utf-8"?>
<!DOCTYPE hibernate-configuration SYSTEM 
"http://www.hibernate.org/dtd/hibernate-configuration-3.0.dtd">
<hibernate-configuration>
   <session-factory>
   
      <property name = "hibernate.dialect">
         org.hibernate.dialect.MySQL5Dialect
      </property>
      
      <property name = "hibernate.connection.driver_class">
         com.mysql.jdbc.Driver
      </property>
      
      <!-- Assume test is the database name -->
      
      <property name = "hibernate.connection.url">
         jdbc:mysql://localhost/grizzlystore
      </property>
      
      <property name = "hibernate.connection.username">
         root
      </property>
      
      <property name = "hibernate.connection.password">
         root
      </property>
      <property name="show_sql">true</property>
      <property name="format_sql">true</property>
      <property name="use_sql_comments">true</property>
      <property name="hbm2ddl.auto">update</property>
      <!-- List of XML mapping files -->
      <mapping class = "com.sms.dao.HibernateLoginPojoEntity"/>
      <mapping class = "com.sms.dao.HibernateVendorProductFetchEntity"/>
       <mapping class = "com.sms.dao.HibernateVendorInventoryFetchEntity"/>
      
   </session-factory>
</hibernate-configuration>